{"cameraMode":{"drawMode":0,"name":"Shaded","section":"Shading Mode"},"sceneLighting":true,"audioPlay":false,"sceneViewState":{"showFog":true,"showMaterialUpdate":false,"showSkybox":true,"showFlares":true,"showImageEffects":true,"showParticleSystems":true},"in2DMode":false,"pivot":{"x":-26.40897560119629,"y":14.521078109741211,"z":-22.243492126464845},"rotation":{"x":0.08948907256126404,"y":0.909360945224762,"z":-0.26228809356689455,"w":0.3102606534957886},"size":9.076704025268555,"orthographic":false}